period_start,symbol,status,baseline_signal,passed_quality_filter,filter_reasons,failed_reasons,return_15d,return_30d,return_to_current,benchmark_return_to_current,elapsed_seconds,error_message,updated_at
2024-12-01,A1CAP,in_progress,0,0,,,,,,,0.0,,2026-05-23T21:18:03.478682Z
2024-12-01,A1YEN,in_progress,0,0,,,,,,,0.0,,2026-05-23T21:18:03.484752Z
2024-12-01,AAGYO,in_progress,0,0,,,,,,,0.0,,2026-05-23T21:18:03.490205Z
2024-12-01,ACSEL,in_progress,0,0,,,,,,,0.0,,2026-05-23T21:18:03.493982Z
2024-12-01,ADEL,in_progress,0,0,,,,,,,0.0,,2026-05-23T21:18:03.500454Z
2024-12-01,ADESE,in_progress,0,0,,,,,,,0.0,,2026-05-23T21:18:03.505359Z
2024-12-01,ADGYO,in_progress,0,0,,,,,,,0.0,,2026-05-23T21:18:03.510849Z
2024-12-01,AEFES,in_progress,0,0,,,,,,,0.0,,2026-05-23T21:18:03.516795Z
2024-12-01,AFYON,in_progress,0,0,,,,,,,0.0,,2026-05-23T21:18:03.522224Z
2024-12-01,AGESA,in_progress,0,0,,,,,,,0.0,,2026-05-23T21:18:03.527615Z
2024-12-01,AGHOL,in_progress,0,0,,,,,,,0.0,,2026-05-23T21:18:03.532242Z
2024-12-01,AGROT,in_progress,0,0,,,,,,,0.0,,2026-05-23T21:18:03.622926Z
2024-12-01,AGYO,in_progress,0,0,,,,,,,0.0,,2026-05-23T21:18:03.629220Z
2024-12-01,AHGAZ,in_progress,0,0,,,,,,,0.0,,2026-05-23T21:18:03.632653Z
2024-12-01,AHSGY,in_progress,0,0,,,,,,,0.0,,2026-05-23T21:18:03.639223Z
2024-12-01,AKBNK,in_progress,0,0,,,,,,,0.0,,2026-05-23T21:18:03.652570Z
2024-12-01,AKCNS,in_progress,0,0,,,,,,,0.0,,2026-05-23T21:18:03.663596Z
2024-12-01,AKENR,in_progress,0,0,,,,,,,0.0,,2026-05-23T21:18:03.673704Z
2024-12-01,AKFGY,in_progress,0,0,,,,,,,0.0,,2026-05-23T21:18:03.680073Z
2024-12-01,AKFIS,in_progress,0,0,,,,,,,0.0,,2026-05-23T21:18:03.685408Z
2024-12-01,AKFYE,in_progress,0,0,,,,,,,0.0,,2026-05-23T21:18:03.689021Z
2024-12-01,AKGRT,in_progress,0,0,,,,,,,0.0,,2026-05-23T21:18:03.695650Z
2024-12-01,AKHAN,in_progress,0,0,,,,,,,0.0,,2026-05-23T21:18:03.702425Z
2024-12-01,AKMGY,in_progress,0,0,,,,,,,0.0,,2026-05-23T21:18:03.706667Z
2024-12-01,AKSA,in_progress,0,0,,,,,,,0.0,,2026-05-23T21:18:03.711626Z
2024-12-01,AKSEN,in_progress,0,0,,,,,,,0.0,,2026-05-23T21:18:03.718555Z
2024-12-01,AKSGY,in_progress,0,0,,,,,,,0.0,,2026-05-23T21:18:03.723206Z
2024-12-01,AKSUE,in_progress,0,0,,,,,,,0.0,,2026-05-23T21:18:03.728880Z
2024-12-01,AKYHO,in_progress,0,0,,,,,,,0.0,,2026-05-23T21:18:03.735564Z
2024-12-01,ALARK,in_progress,0,0,,,,,,,0.0,,2026-05-23T21:18:03.741615Z
2024-12-01,ALBRK,in_progress,0,0,,,,,,,0.0,,2026-05-23T21:18:03.746129Z
2024-12-01,ALCAR,in_progress,0,0,,,,,,,0.0,,2026-05-23T21:18:03.751184Z
2024-12-01,ALCTL,in_progress,0,0,,,,,,,0.0,,2026-05-23T21:18:03.758147Z
2024-12-01,ALFAS,in_progress,0,0,,,,,,,0.0,,2026-05-23T21:18:03.765071Z
2024-12-01,ALGYO,in_progress,0,0,,,,,,,0.0,,2026-05-23T21:18:03.771164Z
2024-12-01,ALKA,in_progress,0,0,,,,,,,0.0,,2026-05-23T21:18:03.777782Z
2024-12-01,ALKIM,in_progress,0,0,,,,,,,0.0,,2026-05-23T21:18:03.781747Z
2024-12-01,ALKLC,in_progress,0,0,,,,,,,0.0,,2026-05-23T21:18:03.788403Z
2024-12-01,ALTNY,in_progress,0,0,,,,,,,0.0,,2026-05-23T21:18:03.795305Z
2024-12-01,ALVES,in_progress,0,0,,,,,,,0.0,,2026-05-23T21:18:03.800811Z
2024-12-01,ANELE,in_progress,0,0,,,,,,,0.0,,2026-05-23T21:18:03.804239Z
2024-12-01,ANGEN,in_progress,0,0,,,,,,,0.0,,2026-05-23T21:18:03.811071Z
2024-12-01,ANHYT,in_progress,0,0,,,,,,,0.0,,2026-05-23T21:18:03.815728Z
2024-12-01,ANSGR,in_progress,0,0,,,,,,,0.0,,2026-05-23T21:18:03.821655Z
2024-12-01,ARASE,in_progress,0,0,,,,,,,0.0,,2026-05-23T21:18:03.829876Z
2024-12-01,ARCLK,in_progress,0,0,,,,,,,0.0,,2026-05-23T21:18:03.838936Z
2024-12-01,ARDYZ,in_progress,0,0,,,,,,,0.0,,2026-05-23T21:18:03.845133Z
2024-12-01,ARENA,in_progress,0,0,,,,,,,0.0,,2026-05-23T21:18:03.852602Z
2024-12-01,ARFYE,in_progress,0,0,,,,,,,0.0,,2026-05-23T21:18:03.859720Z
2024-12-01,ARMGD,in_progress,0,0,,,,,,,0.0,,2026-05-23T21:18:03.866167Z
2024-12-01,ARSAN,in_progress,0,0,,,,,,,0.0,,2026-05-23T21:18:03.874798Z
2024-12-01,ARTMS,in_progress,0,0,,,,,,,0.0,,2026-05-23T21:18:03.880801Z
2024-12-01,ARZUM,in_progress,0,0,,,,,,,0.0,,2026-05-23T21:18:03.889157Z
2024-12-01,ASELS,in_progress,0,0,,,,,,,0.0,,2026-05-23T21:18:03.897078Z
2024-12-01,ASGYO,in_progress,0,0,,,,,,,0.0,,2026-05-23T21:18:03.904541Z
2024-12-01,ASTOR,in_progress,0,0,,,,,,,0.0,,2026-05-23T21:18:03.911934Z
2024-12-01,ASUZU,in_progress,0,0,,,,,,,0.0,,2026-05-23T21:18:03.918085Z
2024-12-01,ATAGY,in_progress,0,0,,,,,,,0.0,,2026-05-23T21:18:03.922490Z
2024-12-01,ATAKP,in_progress,0,0,,,,,,,0.0,,2026-05-23T21:18:03.929863Z
2024-12-01,ATATP,in_progress,0,0,,,,,,,0.0,,2026-05-23T21:18:03.938852Z
2024-12-01,ATATR,in_progress,0,0,,,,,,,0.0,,2026-05-23T21:18:03.946617Z
2024-12-01,AVGYO,in_progress,0,0,,,,,,,0.0,,2026-05-23T21:18:03.957218Z
2024-12-01,AVHOL,in_progress,0,0,,,,,,,0.0,,2026-05-23T21:18:03.969091Z
2024-12-01,AVOD,in_progress,0,0,,,,,,,0.0,,2026-05-23T21:18:03.973726Z
2024-12-01,AVPGY,in_progress,0,0,,,,,,,0.0,,2026-05-23T21:18:03.982971Z
2024-12-01,AVTUR,in_progress,0,0,,,,,,,0.0,,2026-05-23T21:18:03.994713Z
2024-12-01,AYCES,in_progress,0,0,,,,,,,0.0,,2026-05-23T21:18:04.003479Z
2024-12-01,AYDEM,in_progress,0,0,,,,,,,0.0,,2026-05-23T21:18:04.010227Z
2024-12-01,AYEN,in_progress,0,0,,,,,,,0.0,,2026-05-23T21:18:04.016367Z
2024-12-01,AYGAZ,in_progress,0,0,,,,,,,0.0,,2026-05-23T21:18:04.025430Z
2024-12-01,AZTEK,in_progress,0,0,,,,,,,0.0,,2026-05-23T21:18:04.035254Z
2024-12-01,BAGFS,in_progress,0,0,,,,,,,0.0,,2026-05-23T21:18:04.045341Z
2024-12-01,BAHKM,in_progress,0,0,,,,,,,0.0,,2026-05-23T21:18:04.051897Z
2024-12-01,BAKAB,in_progress,0,0,,,,,,,0.0,,2026-05-23T21:18:04.057816Z
2024-12-01,BALSU,in_progress,0,0,,,,,,,0.0,,2026-05-23T21:18:04.063858Z
2024-12-01,BANVT,in_progress,0,0,,,,,,,0.0,,2026-05-23T21:18:04.070223Z
2024-12-01,BARMA,in_progress,0,0,,,,,,,0.0,,2026-05-23T21:18:04.076249Z
2024-12-01,BASGZ,in_progress,0,0,,,,,,,0.0,,2026-05-23T21:18:04.081506Z
2024-12-01,BAYRK,in_progress,0,0,,,,,,,0.0,,2026-05-23T21:18:04.098523Z
2024-12-01,BEGYO,in_progress,0,0,,,,,,,0.0,,2026-05-23T21:18:04.111789Z
2024-12-01,BERA,in_progress,0,0,,,,,,,0.0,,2026-05-23T21:18:04.117076Z
2024-12-01,BESLR,in_progress,0,0,,,,,,,0.0,,2026-05-23T21:18:04.126635Z
2024-12-01,BESTE,in_progress,0,0,,,,,,,0.0,,2026-05-23T21:18:04.137178Z
2024-12-01,BEYAZ,in_progress,0,0,,,,,,,0.0,,2026-05-23T21:18:04.165665Z
2024-12-01,BFREN,in_progress,0,0,,,,,,,0.0,,2026-05-23T21:18:04.180191Z
2024-12-01,BIENY,in_progress,0,0,,,,,,,0.0,,2026-05-23T21:18:04.187249Z
2024-12-01,BIGCH,in_progress,0,0,,,,,,,0.0,,2026-05-23T21:18:04.193798Z
2024-12-01,BIGEN,in_progress,0,0,,,,,,,0.0,,2026-05-23T21:18:04.200628Z
2024-12-01,BIGTK,in_progress,0,0,,,,,,,0.0,,2026-05-23T21:18:04.207949Z
2024-12-01,BIMAS,in_progress,0,0,,,,,,,0.0,,2026-05-23T21:18:04.214379Z
2024-12-01,BINBN,in_progress,0,0,,,,,,,0.0,,2026-05-23T21:18:04.220709Z
2024-12-01,BINHO,in_progress,0,0,,,,,,,0.0,,2026-05-23T21:18:04.226245Z
2024-12-01,BIOEN,in_progress,0,0,,,,,,,0.0,,2026-05-23T21:18:04.232349Z
2024-12-01,BIZIM,in_progress,0,0,,,,,,,0.0,,2026-05-23T21:18:04.238348Z
2024-12-01,BJKAS,in_progress,0,0,,,,,,,0.0,,2026-05-23T21:18:04.244935Z
2024-12-01,BLCYT,in_progress,0,0,,,,,,,0.0,,2026-05-23T21:18:04.251543Z
2024-12-01,BLUME,in_progress,0,0,,,,,,,0.0,,2026-05-23T21:18:04.256186Z
2024-12-01,BMSCH,in_progress,0,0,,,,,,,0.0,,2026-05-23T21:18:04.263481Z
2024-12-01,BMSTL,in_progress,0,0,,,,,,,0.0,,2026-05-23T21:18:04.269395Z
2024-12-01,BNTAS,in_progress,0,0,,,,,,,0.0,,2026-05-23T21:18:04.277057Z
2024-12-01,BOBET,in_progress,0,0,,,,,,,0.0,,2026-05-23T21:18:04.282387Z
2024-12-01,BORLS,in_progress,0,0,,,,,,,0.0,,2026-05-23T21:18:04.286114Z
2024-12-01,BORSK,in_progress,0,0,,,,,,,0.0,,2026-05-23T21:18:04.289345Z
2024-12-01,BOSSA,in_progress,0,0,,,,,,,0.0,,2026-05-23T21:18:04.295078Z
2024-12-01,BRISA,in_progress,0,0,,,,,,,0.0,,2026-05-23T21:18:04.299547Z
2024-12-01,BRKSN,in_progress,0,0,,,,,,,0.0,,2026-05-23T21:18:04.306597Z
2024-12-01,BRKVY,in_progress,0,0,,,,,,,0.0,,2026-05-23T21:18:04.312705Z
2024-12-01,BRLSM,in_progress,0,0,,,,,,,0.0,,2026-05-23T21:18:04.317701Z
2024-12-01,BRSAN,in_progress,0,0,,,,,,,0.0,,2026-05-23T21:18:04.324329Z
2024-12-01,BRYAT,in_progress,0,0,,,,,,,0.0,,2026-05-23T21:18:04.332083Z
2024-12-01,BSOKE,in_progress,0,0,,,,,,,0.0,,2026-05-23T21:18:04.338532Z
2024-12-01,BTCIM,in_progress,0,0,,,,,,,0.0,,2026-05-23T21:18:04.343524Z
2024-12-01,BUCIM,in_progress,0,0,,,,,,,0.0,,2026-05-23T21:18:04.350806Z
2024-12-01,BULGS,in_progress,0,0,,,,,,,0.0,,2026-05-23T21:18:04.355992Z
2024-12-01,BURCE,in_progress,0,0,,,,,,,0.0,,2026-05-23T21:18:04.362183Z
2024-12-01,BURVA,in_progress,0,0,,,,,,,0.0,,2026-05-23T21:18:04.371505Z
2024-12-01,BVSAN,in_progress,0,0,,,,,,,0.0,,2026-05-23T21:18:04.379406Z
2024-12-01,BYDNR,in_progress,0,0,,,,,,,0.0,,2026-05-23T21:18:04.385077Z
2024-12-01,CANTE,in_progress,0,0,,,,,,,0.0,,2026-05-23T21:18:04.391131Z
2024-12-01,CATES,in_progress,0,0,,,,,,,0.0,,2026-05-23T21:18:04.397570Z
2024-12-01,CCOLA,in_progress,0,0,,,,,,,0.0,,2026-05-23T21:18:04.403449Z
2024-12-01,CELHA,in_progress,0,0,,,,,,,0.0,,2026-05-23T21:18:04.407887Z
2024-12-01,CEMAS,in_progress,0,0,,,,,,,0.0,,2026-05-23T21:18:04.414432Z
2024-12-01,CEMTS,in_progress,0,0,,,,,,,0.0,,2026-05-23T21:18:04.419724Z
2024-12-01,CEMZY,in_progress,0,0,,,,,,,0.0,,2026-05-23T21:18:04.427771Z
2024-12-01,CEOEM,in_progress,0,0,,,,,,,0.0,,2026-05-23T21:18:04.434435Z
2024-12-01,CGCAM,in_progress,0,0,,,,,,,0.0,,2026-05-23T21:18:04.440254Z
2024-12-01,CIMSA,in_progress,0,0,,,,,,,0.0,,2026-05-23T21:18:04.445589Z
2024-12-01,CLEBI,in_progress,0,0,,,,,,,0.0,,2026-05-23T21:18:04.451582Z
2024-12-01,CMBTN,in_progress,0,0,,,,,,,0.0,,2026-05-23T21:18:04.458443Z
2024-12-01,CONSE,in_progress,0,0,,,,,,,0.0,,2026-05-23T21:18:04.467578Z
2024-12-01,COSMO,in_progress,0,0,,,,,,,0.0,,2026-05-23T21:18:04.474335Z
2024-12-01,CRDFA,in_progress,0,0,,,,,,,0.0,,2026-05-23T21:18:04.482979Z
2024-12-01,CRFSA,in_progress,0,0,,,,,,,0.0,,2026-05-23T21:18:04.488105Z
2024-12-01,CUSAN,in_progress,0,0,,,,,,,0.0,,2026-05-23T21:18:04.493333Z
2024-12-01,CVKMD,in_progress,0,0,,,,,,,0.0,,2026-05-23T21:18:04.498997Z
2024-12-01,CWENE,in_progress,0,0,,,,,,,0.0,,2026-05-23T21:18:04.503272Z
2024-12-01,DAGI,in_progress,0,0,,,,,,,0.0,,2026-05-23T21:18:04.508490Z
2024-12-01,DAPGM,in_progress,0,0,,,,,,,0.0,,2026-05-23T21:18:04.512913Z
2024-12-01,DARDL,in_progress,0,0,,,,,,,0.0,,2026-05-23T21:18:04.521518Z
2024-12-01,DCTTR,in_progress,0,0,,,,,,,0.0,,2026-05-23T21:18:04.529107Z
2024-12-01,DENGE,in_progress,0,0,,,,,,,0.0,,2026-05-23T21:18:04.535862Z
2024-12-01,DERHL,in_progress,0,0,,,,,,,0.0,,2026-05-23T21:18:04.541975Z
2024-12-01,DERIM,in_progress,0,0,,,,,,,0.0,,2026-05-23T21:18:04.546299Z
2024-12-01,DESA,in_progress,0,0,,,,,,,0.0,,2026-05-23T21:18:04.550801Z
2024-12-01,DESPC,in_progress,0,0,,,,,,,0.0,,2026-05-23T21:18:04.556993Z
2024-12-01,DEVA,in_progress,0,0,,,,,,,0.0,,2026-05-23T21:18:04.560622Z
2024-12-01,DGATE,in_progress,0,0,,,,,,,0.0,,2026-05-23T21:18:04.566330Z
2024-12-01,DGGYO,in_progress,0,0,,,,,,,0.0,,2026-05-23T21:18:04.573056Z
2024-12-01,DGNMO,in_progress,0,0,,,,,,,0.0,,2026-05-23T21:18:04.581977Z
2024-12-01,DITAS,in_progress,0,0,,,,,,,0.0,,2026-05-23T21:18:04.587498Z
2024-12-01,DMRGD,in_progress,0,0,,,,,,,0.0,,2026-05-23T21:18:04.595361Z
2024-12-01,DMSAS,in_progress,0,0,,,,,,,0.0,,2026-05-23T21:18:04.601060Z
2024-12-01,DNISI,in_progress,0,0,,,,,,,0.0,,2026-05-23T21:18:04.605720Z
2024-12-01,DOAS,in_progress,0,0,,,,,,,0.0,,2026-05-23T21:18:04.610072Z
2024-12-01,DOCO,in_progress,0,0,,,,,,,0.0,,2026-05-23T21:18:04.616494Z
2024-12-01,DOFER,in_progress,0,0,,,,,,,0.0,,2026-05-23T21:18:04.621429Z
2024-12-01,DOFRB,in_progress,0,0,,,,,,,0.0,,2026-05-23T21:18:04.627424Z
2024-12-01,DOGUB,in_progress,0,0,,,,,,,0.0,,2026-05-23T21:18:04.632144Z
2024-12-01,DOHOL,in_progress,0,0,,,,,,,0.0,,2026-05-23T21:18:04.640633Z
2024-12-01,DOKTA,in_progress,0,0,,,,,,,0.0,,2026-05-23T21:18:04.646171Z
2024-12-01,DSTKF,in_progress,0,0,,,,,,,0.0,,2026-05-23T21:18:04.655290Z
2024-12-01,DUNYH,in_progress,0,0,,,,,,,0.0,,2026-05-23T21:18:04.663201Z
2024-12-01,DURDO,in_progress,0,0,,,,,,,0.0,,2026-05-23T21:18:04.668908Z
2024-12-01,DURKN,in_progress,0,0,,,,,,,0.0,,2026-05-23T21:18:04.674469Z
2024-12-01,DYOBY,in_progress,0,0,,,,,,,0.0,,2026-05-23T21:18:04.682129Z
2024-12-01,DZGYO,in_progress,0,0,,,,,,,0.0,,2026-05-23T21:18:04.687311Z
2024-12-01,EBEBK,in_progress,0,0,,,,,,,0.0,,2026-05-23T21:18:04.693423Z
2024-12-01,ECILC,in_progress,0,0,,,,,,,0.0,,2026-05-23T21:18:04.699596Z
2024-12-01,ECOGR,in_progress,0,0,,,,,,,0.0,,2026-05-23T21:18:04.704314Z
2024-12-01,ECZYT,in_progress,0,0,,,,,,,0.0,,2026-05-23T21:18:04.708518Z
2024-12-01,EDATA,in_progress,0,0,,,,,,,0.0,,2026-05-23T21:18:04.714259Z
2024-12-01,EDIP,in_progress,0,0,,,,,,,0.0,,2026-05-23T21:18:04.721268Z
2024-12-01,EFOR,in_progress,0,0,,,,,,,0.0,,2026-05-23T21:18:04.727680Z
2024-12-01,EGEEN,in_progress,0,0,,,,,,,0.0,,2026-05-23T21:18:04.733610Z
2024-12-01,EGEGY,in_progress,0,0,,,,,,,0.0,,2026-05-23T21:18:04.740152Z
2024-12-01,EGEPO,in_progress,0,0,,,,,,,0.0,,2026-05-23T21:18:04.746057Z
2024-12-01,EGGUB,in_progress,0,0,,,,,,,0.0,,2026-05-23T21:18:04.755391Z
2024-12-01,EGPRO,in_progress,0,0,,,,,,,0.0,,2026-05-23T21:18:04.760413Z
2024-12-01,EGSER,in_progress,0,0,,,,,,,0.0,,2026-05-23T21:18:04.767642Z
2024-12-01,EKGYO,in_progress,0,0,,,,,,,0.0,,2026-05-23T21:18:04.772302Z
2024-12-01,EKOS,in_progress,0,0,,,,,,,0.0,,2026-05-23T21:18:04.777613Z
2024-12-01,EKSUN,in_progress,0,0,,,,,,,0.0,,2026-05-23T21:18:04.784958Z
2024-12-01,ELITE,in_progress,0,0,,,,,,,0.0,,2026-05-23T21:18:04.790572Z
2024-12-01,EMKEL,in_progress,0,0,,,,,,,0.0,,2026-05-23T21:18:04.797232Z
2024-12-01,EMPAE,in_progress,0,0,,,,,,,0.0,,2026-05-23T21:18:04.804326Z
2024-12-01,ENDAE,in_progress,0,0,,,,,,,0.0,,2026-05-23T21:18:04.810975Z
2024-12-01,ENERY,in_progress,0,0,,,,,,,0.0,,2026-05-23T21:18:04.815843Z
2024-12-01,ENJSA,in_progress,0,0,,,,,,,0.0,,2026-05-23T21:18:04.824189Z
2024-12-01,ENKAI,in_progress,0,0,,,,,,,0.0,,2026-05-23T21:18:04.829869Z
2024-12-01,ENSRI,in_progress,0,0,,,,,,,0.0,,2026-05-23T21:18:04.838196Z
2024-12-01,ENTRA,in_progress,0,0,,,,,,,0.0,,2026-05-23T21:18:04.844744Z
2024-12-01,EPLAS,in_progress,0,0,,,,,,,0.0,,2026-05-23T21:18:04.851519Z
2024-12-01,ERBOS,in_progress,0,0,,,,,,,0.0,,2026-05-23T21:18:04.861808Z
2024-12-01,ERCB,in_progress,0,0,,,,,,,0.0,,2026-05-23T21:18:04.868684Z
2024-12-01,EREGL,in_progress,0,0,,,,,,,0.0,,2026-05-23T21:18:04.874977Z
2024-12-01,ERSU,in_progress,0,0,,,,,,,0.0,,2026-05-23T21:18:04.881687Z
2024-12-01,ESCAR,in_progress,0,0,,,,,,,0.0,,2026-05-23T21:18:04.886454Z
2024-12-01,ESCOM,in_progress,0,0,,,,,,,0.0,,2026-05-23T21:18:04.891924Z
2024-12-01,ESEN,in_progress,0,0,,,,,,,0.0,,2026-05-23T21:18:04.897905Z
2024-12-01,ETILR,in_progress,0,0,,,,,,,0.0,,2026-05-23T21:18:04.904287Z
2024-12-01,EUPWR,in_progress,0,0,,,,,,,0.0,,2026-05-23T21:18:04.909346Z
2024-12-01,EUREN,in_progress,0,0,,,,,,,0.0,,2026-05-23T21:18:04.916450Z
2024-12-01,EYGYO,in_progress,0,0,,,,,,,0.0,,2026-05-23T21:18:04.920367Z
2024-12-01,FADE,in_progress,0,0,,,,,,,0.0,,2026-05-23T21:18:04.925574Z
2024-12-01,FENER,in_progress,0,0,,,,,,,0.0,,2026-05-23T21:18:04.930710Z
2024-12-01,FLAP,in_progress,0,0,,,,,,,0.0,,2026-05-23T21:18:04.935694Z
2024-12-01,FMIZP,in_progress,0,0,,,,,,,0.0,,2026-05-23T21:18:04.940411Z
2024-12-01,FONET,in_progress,0,0,,,,,,,0.0,,2026-05-23T21:18:04.946158Z
2024-12-01,FORMT,in_progress,0,0,,,,,,,0.0,,2026-05-23T21:18:04.952430Z
2024-12-01,FORTE,in_progress,0,0,,,,,,,0.0,,2026-05-23T21:18:04.959919Z
2024-12-01,FRIGO,in_progress,0,0,,,,,,,0.0,,2026-05-23T21:18:04.967125Z
2024-12-01,FRMPL,in_progress,0,0,,,,,,,0.0,,2026-05-23T21:18:04.974720Z
2024-12-01,FROTO,in_progress,0,0,,,,,,,0.0,,2026-05-23T21:18:04.979378Z
2024-12-01,FZLGY,in_progress,0,0,,,,,,,0.0,,2026-05-23T21:18:04.985093Z
2024-12-01,GARAN,in_progress,0,0,,,,,,,0.0,,2026-05-23T21:18:04.989840Z
2024-12-01,GARFA,in_progress,0,0,,,,,,,0.0,,2026-05-23T21:18:04.996609Z
2024-12-01,GEDIK,in_progress,0,0,,,,,,,0.0,,2026-05-23T21:18:05.004917Z
2024-12-01,GEDZA,in_progress,0,0,,,,,,,0.0,,2026-05-23T21:18:05.009418Z
2024-12-01,GENIL,in_progress,0,0,,,,,,,0.0,,2026-05-23T21:18:05.015824Z
2024-12-01,GENKM,in_progress,0,0,,,,,,,0.0,,2026-05-23T21:18:05.025447Z
2024-12-01,GENTS,in_progress,0,0,,,,,,,0.0,,2026-05-23T21:18:05.030821Z
2024-12-01,GEREL,in_progress,0,0,,,,,,,0.0,,2026-05-23T21:18:05.035630Z
2024-12-01,GESAN,in_progress,0,0,,,,,,,0.0,,2026-05-23T21:18:05.040440Z
2024-12-01,GIPTA,in_progress,0,0,,,,,,,0.0,,2026-05-23T21:18:05.050010Z
2024-12-01,GLBMD,in_progress,0,0,,,,,,,0.0,,2026-05-23T21:18:05.055044Z
2024-12-01,GLCVY,in_progress,0,0,,,,,,,0.0,,2026-05-23T21:18:05.059578Z
2024-12-01,GLRMK,in_progress,0,0,,,,,,,0.0,,2026-05-23T21:18:05.066327Z
2024-12-01,GLRYH,in_progress,0,0,,,,,,,0.0,,2026-05-23T21:18:05.072863Z
2024-12-01,GLYHO,in_progress,0,0,,,,,,,0.0,,2026-05-23T21:18:05.080278Z
2024-12-01,GMTAS,in_progress,0,0,,,,,,,0.0,,2026-05-23T21:18:05.085347Z
2024-12-01,GOKNR,in_progress,0,0,,,,,,,0.0,,2026-05-23T21:18:05.090598Z
2024-12-01,GOLTS,in_progress,0,0,,,,,,,0.0,,2026-05-23T21:18:05.097100Z
2024-12-01,GOODY,in_progress,0,0,,,,,,,0.0,,2026-05-23T21:18:05.103776Z
2024-12-01,GOZDE,in_progress,0,0,,,,,,,0.0,,2026-05-23T21:18:05.110810Z
2024-12-01,GRSEL,in_progress,0,0,,,,,,,0.0,,2026-05-23T21:18:05.117566Z
2024-12-01,GRTHO,in_progress,0,0,,,,,,,0.0,,2026-05-23T21:18:05.121947Z
2024-12-01,GSDDE,in_progress,0,0,,,,,,,0.0,,2026-05-23T21:18:05.130175Z
2024-12-01,GSDHO,in_progress,0,0,,,,,,,0.0,,2026-05-23T21:18:05.136891Z
2024-12-01,GSRAY,in_progress,0,0,,,,,,,0.0,,2026-05-23T21:18:05.143999Z
2024-12-01,GUBRF,in_progress,0,0,,,,,,,0.0,,2026-05-23T21:18:05.150468Z
2024-12-01,GUNDG,in_progress,0,0,,,,,,,0.0,,2026-05-23T21:18:05.155998Z
2024-12-01,GWIND,in_progress,0,0,,,,,,,0.0,,2026-05-23T21:18:05.162392Z
2024-12-01,GZNMI,in_progress,0,0,,,,,,,0.0,,2026-05-23T21:18:05.168075Z
2024-12-01,HALKB,in_progress,0,0,,,,,,,0.0,,2026-05-23T21:18:05.175442Z
2024-12-01,HATEK,in_progress,0,0,,,,,,,0.0,,2026-05-23T21:18:05.183238Z
2024-12-01,HATSN,in_progress,0,0,,,,,,,0.0,,2026-05-23T21:18:05.189825Z
2024-12-01,HDFGS,in_progress,0,0,,,,,,,0.0,,2026-05-23T21:18:05.196212Z
2024-12-01,HEDEF,in_progress,0,0,,,,,,,0.0,,2026-05-23T21:18:05.200815Z
2024-12-01,HEKTS,in_progress,0,0,,,,,,,0.0,,2026-05-23T21:18:05.206700Z
2024-12-01,HKTM,in_progress,0,0,,,,,,,0.0,,2026-05-23T21:18:05.213720Z
2024-12-01,HLGYO,in_progress,0,0,,,,,,,0.0,,2026-05-23T21:18:05.220355Z
2024-12-01,HOROZ,in_progress,0,0,,,,,,,0.0,,2026-05-23T21:18:05.227113Z
2024-12-01,HRKET,in_progress,0,0,,,,,,,0.0,,2026-05-23T21:18:05.233565Z
2024-12-01,HTTBT,in_progress,0,0,,,,,,,0.0,,2026-05-23T21:18:05.242093Z
2024-12-01,HUBVC,in_progress,0,0,,,,,,,0.0,,2026-05-23T21:18:05.251129Z
2024-12-01,HUNER,in_progress,0,0,,,,,,,0.0,,2026-05-23T21:18:05.257972Z
2024-12-01,HURGZ,in_progress,0,0,,,,,,,0.0,,2026-05-23T21:18:05.264386Z
2024-12-01,ICBCT,in_progress,0,0,,,,,,,0.0,,2026-05-23T21:18:05.269069Z
2024-12-01,ICUGS,in_progress,0,0,,,,,,,0.0,,2026-05-23T21:18:05.274317Z
2024-12-01,IDGYO,in_progress,0,0,,,,,,,0.0,,2026-05-23T21:18:05.280017Z
2024-12-01,IEYHO,in_progress,0,0,,,,,,,0.0,,2026-05-23T21:18:05.285530Z
2024-12-01,IHAAS,in_progress,0,0,,,,,,,0.0,,2026-05-23T21:18:05.290529Z
2024-12-01,IHEVA,in_progress,0,0,,,,,,,0.0,,2026-05-23T21:18:05.296230Z
2024-12-01,IHGZT,in_progress,0,0,,,,,,,0.0,,2026-05-23T21:18:05.302892Z
2024-12-01,IHLAS,in_progress,0,0,,,,,,,0.0,,2026-05-23T21:18:05.308390Z
2024-12-01,IHLGM,in_progress,0,0,,,,,,,0.0,,2026-05-23T21:18:05.315460Z
2024-12-01,IHYAY,in_progress,0,0,,,,,,,0.0,,2026-05-23T21:18:05.321898Z
2024-12-01,IMASM,in_progress,0,0,,,,,,,0.0,,2026-05-23T21:18:05.328730Z
2024-12-01,INDES,in_progress,0,0,,,,,,,0.0,,2026-05-23T21:18:05.336967Z
2024-12-01,INFO,in_progress,0,0,,,,,,,0.0,,2026-05-23T21:18:05.342191Z
2024-12-01,INGRM,in_progress,0,0,,,,,,,0.0,,2026-05-23T21:18:05.347123Z
2024-12-01,INTEM,in_progress,0,0,,,,,,,0.0,,2026-05-23T21:18:05.354845Z
2024-12-01,INVEO,in_progress,0,0,,,,,,,0.0,,2026-05-23T21:18:05.363263Z
2024-12-01,INVES,in_progress,0,0,,,,,,,0.0,,2026-05-23T21:18:05.369308Z
2024-12-01,ISATR,in_progress,0,0,,,,,,,0.0,,2026-05-23T21:18:05.374536Z
2024-12-01,ISBTR,in_progress,0,0,,,,,,,0.0,,2026-05-23T21:18:05.380000Z
2024-12-01,ISCTR,in_progress,0,0,,,,,,,0.0,,2026-05-23T21:18:05.387510Z
2024-12-01,ISDMR,in_progress,0,0,,,,,,,0.0,,2026-05-23T21:18:05.392447Z
2024-12-01,ISFIN,in_progress,0,0,,,,,,,0.0,,2026-05-23T21:18:05.401272Z
2024-12-01,ISGSY,in_progress,0,0,,,,,,,0.0,,2026-05-23T21:18:05.410051Z
2024-12-01,ISGYO,in_progress,0,0,,,,,,,0.0,,2026-05-23T21:18:05.416461Z
2024-12-01,ISKPL,in_progress,0,0,,,,,,,0.0,,2026-05-23T21:18:05.422180Z
2024-12-01,ISMEN,in_progress,0,0,,,,,,,0.0,,2026-05-23T21:18:05.428124Z
2024-12-01,ISSEN,in_progress,0,0,,,,,,,0.0,,2026-05-23T21:18:05.434725Z
2024-12-01,IZENR,in_progress,0,0,,,,,,,0.0,,2026-05-23T21:18:05.442868Z
2024-12-01,IZFAS,in_progress,0,0,,,,,,,0.0,,2026-05-23T21:18:05.448993Z
2024-12-01,IZINV,in_progress,0,0,,,,,,,0.0,,2026-05-23T21:18:05.456143Z
2024-12-01,IZMDC,in_progress,0,0,,,,,,,0.0,,2026-05-23T21:18:05.462946Z
2024-12-01,JANTS,in_progress,0,0,,,,,,,0.0,,2026-05-23T21:18:05.467596Z
2024-12-01,KAPLM,in_progress,0,0,,,,,,,0.0,,2026-05-23T21:18:05.474612Z
2024-12-01,KAREL,in_progress,0,0,,,,,,,0.0,,2026-05-23T21:18:05.480019Z
2024-12-01,KARSN,in_progress,0,0,,,,,,,0.0,,2026-05-23T21:18:05.485755Z
2024-12-01,KARTN,in_progress,0,0,,,,,,,0.0,,2026-05-23T21:18:05.493147Z
2024-12-01,KATMR,in_progress,0,0,,,,,,,0.0,,2026-05-23T21:18:05.502740Z
2024-12-01,KAYSE,in_progress,0,0,,,,,,,0.0,,2026-05-23T21:18:05.506837Z
2024-12-01,KBORU,in_progress,0,0,,,,,,,0.0,,2026-05-23T21:18:05.516109Z
2024-12-01,KCAER,in_progress,0,0,,,,,,,0.0,,2026-05-23T21:18:05.520246Z
2024-12-01,KCHOL,in_progress,0,0,,,,,,,0.0,,2026-05-23T21:18:05.525837Z
2024-12-01,KFEIN,in_progress,0,0,,,,,,,0.0,,2026-05-23T21:18:05.531025Z
2024-12-01,KGYO,in_progress,0,0,,,,,,,0.0,,2026-05-23T21:18:05.538046Z
2024-12-01,KIMMR,in_progress,0,0,,,,,,,0.0,,2026-05-23T21:18:05.543987Z
2024-12-01,KLGYO,in_progress,0,0,,,,,,,0.0,,2026-05-23T21:18:05.548861Z
2024-12-01,KLKIM,in_progress,0,0,,,,,,,0.0,,2026-05-23T21:18:05.555889Z
2024-12-01,KLMSN,in_progress,0,0,,,,,,,0.0,,2026-05-23T21:18:05.561499Z
2024-12-01,KLRHO,in_progress,0,0,,,,,,,0.0,,2026-05-23T21:18:05.570190Z
2024-12-01,KLSER,in_progress,0,0,,,,,,,0.0,,2026-05-23T21:18:05.574654Z
2024-12-01,KLSYN,in_progress,0,0,,,,,,,0.0,,2026-05-23T21:18:05.579768Z
2024-12-01,KLYPV,in_progress,0,0,,,,,,,0.0,,2026-05-23T21:18:05.586418Z
2024-12-01,KMPUR,in_progress,0,0,,,,,,,0.0,,2026-05-23T21:18:05.594661Z
2024-12-01,KNFRT,in_progress,0,0,,,,,,,0.0,,2026-05-23T21:18:05.599249Z
2024-12-01,KOCMT,in_progress,0,0,,,,,,,0.0,,2026-05-23T21:18:05.606803Z
2024-12-01,KONKA,in_progress,0,0,,,,,,,0.0,,2026-05-23T21:18:05.612893Z
2024-12-01,KONTR,in_progress,0,0,,,,,,,0.0,,2026-05-23T21:18:05.620190Z
2024-12-01,KONYA,in_progress,0,0,,,,,,,0.0,,2026-05-23T21:18:05.625960Z
2024-12-01,KOPOL,in_progress,0,0,,,,,,,0.0,,2026-05-23T21:18:05.630633Z
2024-12-01,KORDS,in_progress,0,0,,,,,,,0.0,,2026-05-23T21:18:05.636558Z
2024-12-01,KOTON,in_progress,0,0,,,,,,,0.0,,2026-05-23T21:18:05.642652Z
2024-12-01,KRDMA,in_progress,0,0,,,,,,,0.0,,2026-05-23T21:18:05.646835Z
2024-12-01,KRDMB,in_progress,0,0,,,,,,,0.0,,2026-05-23T21:18:05.651147Z
2024-12-01,KRDMD,in_progress,0,0,,,,,,,0.0,,2026-05-23T21:18:05.660548Z
2024-12-01,KRGYO,in_progress,0,0,,,,,,,0.0,,2026-05-23T21:18:05.667086Z
2024-12-01,KRONT,in_progress,0,0,,,,,,,0.0,,2026-05-23T21:18:05.671301Z
2024-12-01,KRPLS,in_progress,0,0,,,,,,,0.0,,2026-05-23T21:18:05.676407Z
2024-12-01,KRSTL,in_progress,0,0,,,,,,,0.0,,2026-05-23T21:18:05.681744Z
2024-12-01,KRTEK,in_progress,0,0,,,,,,,0.0,,2026-05-23T21:18:05.690044Z
2024-12-01,KRVGD,in_progress,0,0,,,,,,,0.0,,2026-05-23T21:18:05.698407Z
2024-12-01,KTLEV,in_progress,0,0,,,,,,,0.0,,2026-05-23T21:18:05.705812Z
2024-12-01,KTSKR,in_progress,0,0,,,,,,,0.0,,2026-05-23T21:18:05.712573Z
2024-12-01,KUTPO,in_progress,0,0,,,,,,,0.0,,2026-05-23T21:18:05.718880Z
2024-12-01,KUVVA,in_progress,0,0,,,,,,,0.0,,2026-05-23T21:18:05.726459Z
2024-12-01,KUYAS,in_progress,0,0,,,,,,,0.0,,2026-05-23T21:18:05.732370Z
2024-12-01,KZBGY,in_progress,0,0,,,,,,,0.0,,2026-05-23T21:18:05.738428Z
2024-12-01,KZGYO,in_progress,0,0,,,,,,,0.0,,2026-05-23T21:18:05.743506Z
2024-12-01,LIDER,in_progress,0,0,,,,,,,0.0,,2026-05-23T21:18:05.749142Z
2024-12-01,LIDFA,in_progress,0,0,,,,,,,0.0,,2026-05-23T21:18:05.753666Z
2024-12-01,LILAK,in_progress,0,0,,,,,,,0.0,,2026-05-23T21:18:05.759349Z
2024-12-01,LINK,in_progress,0,0,,,,,,,0.0,,2026-05-23T21:18:05.764799Z
2024-12-01,LKMNH,in_progress,0,0,,,,,,,0.0,,2026-05-23T21:18:05.773231Z
2024-12-01,LMKDC,in_progress,0,0,,,,,,,0.0,,2026-05-23T21:18:05.780653Z
2024-12-01,LOGO,in_progress,0,0,,,,,,,0.0,,2026-05-23T21:18:05.787109Z
2024-12-01,LRSHO,in_progress,0,0,,,,,,,0.0,,2026-05-23T21:18:05.791718Z
2024-12-01,LUKSK,in_progress,0,0,,,,,,,0.0,,2026-05-23T21:18:05.798197Z
2024-12-01,LXGYO,in_progress,0,0,,,,,,,0.0,,2026-05-23T21:18:05.803661Z
2024-12-01,LYDHO,in_progress,0,0,,,,,,,0.0,,2026-05-23T21:18:05.810176Z
2024-12-01,LYDYE,in_progress,0,0,,,,,,,0.0,,2026-05-23T21:18:05.816154Z
2024-12-01,MAALT,in_progress,0,0,,,,,,,0.0,,2026-05-23T21:18:05.824151Z
2024-12-01,MACKO,in_progress,0,0,,,,,,,0.0,,2026-05-23T21:18:05.830292Z
2024-12-01,MAGEN,in_progress,0,0,,,,,,,0.0,,2026-05-23T21:18:05.841003Z
2024-12-01,MAKIM,in_progress,0,0,,,,,,,0.0,,2026-05-23T21:18:05.849824Z
2024-12-01,MAKTK,in_progress,0,0,,,,,,,0.0,,2026-05-23T21:18:05.856740Z
2024-12-01,MANAS,in_progress,0,0,,,,,,,0.0,,2026-05-23T21:18:05.863693Z
2024-12-01,MARBL,in_progress,0,0,,,,,,,0.0,,2026-05-23T21:18:05.874113Z
2024-12-01,MARKA,in_progress,0,0,,,,,,,0.0,,2026-05-23T21:18:05.881183Z
2024-12-01,MARMR,in_progress,0,0,,,,,,,0.0,,2026-05-23T21:18:05.886092Z
2024-12-01,MARTI,in_progress,0,0,,,,,,,0.0,,2026-05-23T21:18:05.893430Z
2024-12-01,MAVI,in_progress,0,0,,,,,,,0.0,,2026-05-23T21:18:05.899121Z
2024-12-01,MCARD,in_progress,0,0,,,,,,,0.0,,2026-05-23T21:18:05.907303Z
2024-12-01,MEDTR,in_progress,0,0,,,,,,,0.0,,2026-05-23T21:18:05.913950Z
2024-12-01,MEGMT,in_progress,0,0,,,,,,,0.0,,2026-05-23T21:18:05.922283Z
2024-12-01,MEKAG,in_progress,0,0,,,,,,,0.0,,2026-05-23T21:18:05.927645Z
2024-12-01,MEPET,in_progress,0,0,,,,,,,0.0,,2026-05-23T21:18:05.936750Z
2024-12-01,MERCN,in_progress,0,0,,,,,,,0.0,,2026-05-23T21:18:05.944591Z
2024-12-01,MERIT,in_progress,0,0,,,,,,,0.0,,2026-05-23T21:18:05.953602Z
2024-12-01,MERKO,in_progress,0,0,,,,,,,0.0,,2026-05-23T21:18:05.959499Z
2024-12-01,METRO,in_progress,0,0,,,,,,,0.0,,2026-05-23T21:18:05.968741Z
2024-12-01,MEYSU,in_progress,0,0,,,,,,,0.0,,2026-05-23T21:18:05.973676Z
2024-12-01,MGROS,in_progress,0,0,,,,,,,0.0,,2026-05-23T21:18:05.980515Z
2024-12-01,MHRGY,in_progress,0,0,,,,,,,0.0,,2026-05-23T21:18:05.987148Z
2024-12-01,MIATK,in_progress,0,0,,,,,,,0.0,,2026-05-23T21:18:05.993885Z
2024-12-01,MNDRS,in_progress,0,0,,,,,,,0.0,,2026-05-23T21:18:06.000973Z
2024-12-01,MNDTR,in_progress,0,0,,,,,,,0.0,,2026-05-23T21:18:06.007531Z
2024-12-01,MOBTL,in_progress,0,0,,,,,,,0.0,,2026-05-23T21:18:06.014538Z
2024-12-01,MOGAN,in_progress,0,0,,,,,,,0.0,,2026-05-23T21:18:06.021807Z
2024-12-01,MOPAS,in_progress,0,0,,,,,,,0.0,,2026-05-23T21:18:06.027812Z
2024-12-01,MPARK,in_progress,0,0,,,,,,,0.0,,2026-05-23T21:18:06.035718Z
2024-12-01,MRGYO,in_progress,0,0,,,,,,,0.0,,2026-05-23T21:18:06.040337Z
2024-12-01,MRSHL,in_progress,0,0,,,,,,,0.0,,2026-05-23T21:18:06.044885Z
2024-12-01,MSGYO,in_progress,0,0,,,,,,,0.0,,2026-05-23T21:18:06.051167Z
2024-12-01,MTRKS,in_progress,0,0,,,,,,,0.0,,2026-05-23T21:18:06.059462Z
2024-12-01,MZHLD,in_progress,0,0,,,,,,,0.0,,2026-05-23T21:18:06.064721Z
2024-12-01,NATEN,in_progress,0,0,,,,,,,0.0,,2026-05-23T21:18:06.071394Z
2024-12-01,NETAS,in_progress,0,0,,,,,,,0.0,,2026-05-23T21:18:06.077414Z
2024-12-01,NETCD,in_progress,0,0,,,,,,,0.0,,2026-05-23T21:18:06.085689Z
2024-12-01,NIBAS,in_progress,0,0,,,,,,,0.0,,2026-05-23T21:18:06.091697Z
2024-12-01,NTGAZ,in_progress,0,0,,,,,,,0.0,,2026-05-23T21:18:06.098576Z
2024-12-01,NTHOL,in_progress,0,0,,,,,,,0.0,,2026-05-23T21:18:06.103701Z
2024-12-01,NUGYO,in_progress,0,0,,,,,,,0.0,,2026-05-23T21:18:06.111214Z
2024-12-01,NUHCM,in_progress,0,0,,,,,,,0.0,,2026-05-23T21:18:06.116713Z
2024-12-01,OBAMS,in_progress,0,0,,,,,,,0.0,,2026-05-23T21:18:06.122717Z
2024-12-01,OBASE,in_progress,0,0,,,,,,,0.0,,2026-05-23T21:18:06.131813Z
2024-12-01,ODAS,in_progress,0,0,,,,,,,0.0,,2026-05-23T21:18:06.137733Z
2024-12-01,ODINE,in_progress,0,0,,,,,,,0.0,,2026-05-23T21:18:06.143115Z
2024-12-01,OFSYM,in_progress,0,0,,,,,,,0.0,,2026-05-23T21:18:06.149459Z
2024-12-01,ONCSM,in_progress,0,0,,,,,,,0.0,,2026-05-23T21:18:06.155096Z
2024-12-01,ONRYT,in_progress,0,0,,,,,,,0.0,,2026-05-23T21:18:06.163786Z
2024-12-01,ORCAY,in_progress,0,0,,,,,,,0.0,,2026-05-23T21:18:06.169378Z
2024-12-01,ORGE,in_progress,0,0,,,,,,,0.0,,2026-05-23T21:18:06.176936Z
2024-12-01,OSMEN,in_progress,0,0,,,,,,,0.0,,2026-05-23T21:18:06.185487Z
2024-12-01,OSTIM,in_progress,0,0,,,,,,,0.0,,2026-05-23T21:18:06.190944Z
2024-12-01,OTKAR,in_progress,0,0,,,,,,,0.0,,2026-05-23T21:18:06.196673Z
2024-12-01,OTTO,in_progress,0,0,,,,,,,0.0,,2026-05-23T21:18:06.202476Z
2024-12-01,OYAKC,in_progress,0,0,,,,,,,0.0,,2026-05-23T21:18:06.209289Z
2024-12-01,OYLUM,in_progress,0,0,,,,,,,0.0,,2026-05-23T21:18:06.215225Z
2024-12-01,OYYAT,in_progress,0,0,,,,,,,0.0,,2026-05-23T21:18:06.221881Z
2024-12-01,OZATD,in_progress,0,0,,,,,,,0.0,,2026-05-23T21:18:06.229821Z
2024-12-01,OZGYO,in_progress,0,0,,,,,,,0.0,,2026-05-23T21:18:06.237814Z
2024-12-01,OZKGY,in_progress,0,0,,,,,,,0.0,,2026-05-23T21:18:06.245571Z
2024-12-01,OZRDN,in_progress,0,0,,,,,,,0.0,,2026-05-23T21:18:06.254350Z
2024-12-01,OZSUB,in_progress,0,0,,,,,,,0.0,,2026-05-23T21:18:06.259429Z
2024-12-01,OZYSR,in_progress,0,0,,,,,,,0.0,,2026-05-23T21:18:06.269217Z
2024-12-01,PAGYO,in_progress,0,0,,,,,,,0.0,,2026-05-23T21:18:06.276233Z
2024-12-01,PAHOL,in_progress,0,0,,,,,,,0.0,,2026-05-23T21:18:06.281922Z
2024-12-01,PAMEL,in_progress,0,0,,,,,,,0.0,,2026-05-23T21:18:06.289255Z
2024-12-01,PAPIL,in_progress,0,0,,,,,,,0.0,,2026-05-23T21:18:06.297510Z
2024-12-01,PARSN,in_progress,0,0,,,,,,,0.0,,2026-05-23T21:18:06.303870Z
2024-12-01,PASEU,in_progress,0,0,,,,,,,0.0,,2026-05-23T21:18:06.311945Z
2024-12-01,PATEK,in_progress,0,0,,,,,,,0.0,,2026-05-23T21:18:06.316529Z
2024-12-01,PCILT,in_progress,0,0,,,,,,,0.0,,2026-05-23T21:18:06.320791Z
2024-12-01,PEKGY,in_progress,0,0,,,,,,,0.0,,2026-05-23T21:18:06.324855Z
2024-12-01,PENGD,in_progress,0,0,,,,,,,0.0,,2026-05-23T21:18:06.329389Z
2024-12-01,PENTA,in_progress,0,0,,,,,,,0.0,,2026-05-23T21:18:06.333486Z
2024-12-01,PETKM,in_progress,0,0,,,,,,,0.0,,2026-05-23T21:18:06.337751Z
2024-12-01,PETUN,in_progress,0,0,,,,,,,0.0,,2026-05-23T21:18:06.342147Z
2024-12-01,PGSUS,in_progress,0,0,,,,,,,0.0,,2026-05-23T21:18:06.346145Z
2024-12-01,PINSU,in_progress,0,0,,,,,,,0.0,,2026-05-23T21:18:06.350518Z
2024-12-01,PKART,in_progress,0,0,,,,,,,0.0,,2026-05-23T21:18:06.354678Z
2024-12-01,PKENT,in_progress,0,0,,,,,,,0.0,,2026-05-23T21:18:06.359114Z
2024-12-01,PLTUR,in_progress,0,0,,,,,,,0.0,,2026-05-23T21:18:06.364185Z
2024-12-01,PNLSN,in_progress,0,0,,,,,,,0.0,,2026-05-23T21:18:06.368623Z
2024-12-01,PNSUT,in_progress,0,0,,,,,,,0.0,,2026-05-23T21:18:06.372897Z
2024-12-01,POLHO,in_progress,0,0,,,,,,,0.0,,2026-05-23T21:18:06.377404Z
2024-12-01,POLTK,in_progress,0,0,,,,,,,0.0,,2026-05-23T21:18:06.381521Z
2024-12-01,PRDGS,in_progress,0,0,,,,,,,0.0,,2026-05-23T21:18:06.385803Z
2024-12-01,PRKAB,in_progress,0,0,,,,,,,0.0,,2026-05-23T21:18:06.390092Z
2024-12-01,PRKME,in_progress,0,0,,,,,,,0.0,,2026-05-23T21:18:06.394454Z
2024-12-01,PRZMA,in_progress,0,0,,,,,,,0.0,,2026-05-23T21:18:06.399096Z
2024-12-01,PSDTC,in_progress,0,0,,,,,,,0.0,,2026-05-23T21:18:06.403755Z
2024-12-01,PSGYO,in_progress,0,0,,,,,,,0.0,,2026-05-23T21:18:06.408676Z
2024-12-01,QUAGR,in_progress,0,0,,,,,,,0.0,,2026-05-23T21:18:06.412992Z
2024-12-01,RALYH,in_progress,0,0,,,,,,,0.0,,2026-05-23T21:18:06.417700Z
2024-12-01,RAYSG,in_progress,0,0,,,,,,,0.0,,2026-05-23T21:18:06.422222Z
2024-12-01,REEDR,in_progress,0,0,,,,,,,0.0,,2026-05-23T21:18:06.426368Z
2024-12-01,RGYAS,in_progress,0,0,,,,,,,0.0,,2026-05-23T21:18:06.430712Z
2024-12-01,RNPOL,in_progress,0,0,,,,,,,0.0,,2026-05-23T21:18:06.435816Z
2024-12-01,RODRG,in_progress,0,0,,,,,,,0.0,,2026-05-23T21:18:06.440342Z
2024-12-01,RTALB,in_progress,0,0,,,,,,,0.0,,2026-05-23T21:18:06.444835Z
2024-12-01,RUBNS,in_progress,0,0,,,,,,,0.0,,2026-05-23T21:18:06.449563Z
2024-12-01,RUZYE,in_progress,0,0,,,,,,,0.0,,2026-05-23T21:18:06.454301Z
2024-12-01,RYGYO,in_progress,0,0,,,,,,,0.0,,2026-05-23T21:18:06.459006Z
2024-12-01,RYSAS,in_progress,0,0,,,,,,,0.0,,2026-05-23T21:18:06.463965Z
2024-12-01,SAFKR,in_progress,0,0,,,,,,,0.0,,2026-05-23T21:18:06.468854Z
2024-12-01,SAHOL,in_progress,0,0,,,,,,,0.0,,2026-05-23T21:18:06.473253Z
2024-12-01,SAMAT,in_progress,0,0,,,,,,,0.0,,2026-05-23T21:18:06.477845Z
2024-12-01,SANEL,in_progress,0,0,,,,,,,0.0,,2026-05-23T21:18:06.482744Z
2024-12-01,SANFM,in_progress,0,0,,,,,,,0.0,,2026-05-23T21:18:06.487466Z
2024-12-01,SANKO,in_progress,0,0,,,,,,,0.0,,2026-05-23T21:18:06.492094Z
2024-12-01,SARKY,in_progress,0,0,,,,,,,0.0,,2026-05-23T21:18:06.496912Z
2024-12-01,SASA,in_progress,0,0,,,,,,,0.0,,2026-05-23T21:18:06.502300Z
2024-12-01,SAYAS,in_progress,0,0,,,,,,,0.0,,2026-05-23T21:18:06.506662Z
2024-12-01,SDTTR,in_progress,0,0,,,,,,,0.0,,2026-05-23T21:18:06.511504Z
2024-12-01,SEGMN,in_progress,0,0,,,,,,,0.0,,2026-05-23T21:18:06.515693Z
2024-12-01,SEGYO,in_progress,0,0,,,,,,,0.0,,2026-05-23T21:18:06.520022Z
2024-12-01,SEKFK,in_progress,0,0,,,,,,,0.0,,2026-05-23T21:18:06.524955Z
2024-12-01,SEKUR,in_progress,0,0,,,,,,,0.0,,2026-05-23T21:18:06.529296Z
2024-12-01,SELEC,in_progress,0,0,,,,,,,0.0,,2026-05-23T21:18:06.534752Z
2024-12-01,SELVA,in_progress,0,0,,,,,,,0.0,,2026-05-23T21:18:06.539258Z
2024-12-01,SERNT,in_progress,0,0,,,,,,,0.0,,2026-05-23T21:18:06.543632Z
2024-12-01,SEYKM,in_progress,0,0,,,,,,,0.0,,2026-05-23T21:18:06.549163Z
2024-12-01,SILVR,in_progress,0,0,,,,,,,0.0,,2026-05-23T21:18:06.553873Z
2024-12-01,SISE,in_progress,0,0,,,,,,,0.0,,2026-05-23T21:18:06.559052Z
2024-12-01,SKBNK,in_progress,0,0,,,,,,,0.0,,2026-05-23T21:18:06.563648Z
2024-12-01,SKTAS,in_progress,0,0,,,,,,,0.0,,2026-05-23T21:18:06.568294Z
2024-12-01,SKYLP,in_progress,0,0,,,,,,,0.0,,2026-05-23T21:18:06.572852Z
2024-12-01,SKYMD,in_progress,0,0,,,,,,,0.0,,2026-05-23T21:18:06.577621Z
2024-12-01,SMART,in_progress,0,0,,,,,,,0.0,,2026-05-23T21:18:06.582410Z
2024-12-01,SMRTG,in_progress,0,0,,,,,,,0.0,,2026-05-23T21:18:06.588045Z
2024-12-01,SMRVA,in_progress,0,0,,,,,,,0.0,,2026-05-23T21:18:06.592987Z
2024-12-01,SNGYO,in_progress,0,0,,,,,,,0.0,,2026-05-23T21:18:06.597610Z
2024-12-01,SNICA,in_progress,0,0,,,,,,,0.0,,2026-05-23T21:18:06.602452Z
2024-12-01,SOKE,in_progress,0,0,,,,,,,0.0,,2026-05-23T21:18:06.607305Z
2024-12-01,SOKM,in_progress,0,0,,,,,,,0.0,,2026-05-23T21:18:06.614015Z
2024-12-01,SONME,in_progress,0,0,,,,,,,0.0,,2026-05-23T21:18:06.618906Z
2024-12-01,SRVGY,in_progress,0,0,,,,,,,0.0,,2026-05-23T21:18:06.624768Z
2024-12-01,SUNTK,in_progress,0,0,,,,,,,0.0,,2026-05-23T21:18:06.629799Z
2024-12-01,SURGY,in_progress,0,0,,,,,,,0.0,,2026-05-23T21:18:06.634937Z
2024-12-01,SUWEN,in_progress,0,0,,,,,,,0.0,,2026-05-23T21:18:06.639996Z
2024-12-01,SVGYO,in_progress,0,0,,,,,,,0.0,,2026-05-23T21:18:06.645499Z
2024-12-01,TABGD,in_progress,0,0,,,,,,,0.0,,2026-05-23T21:18:06.653955Z
2024-12-01,TARKM,in_progress,0,0,,,,,,,0.0,,2026-05-23T21:18:06.658689Z
2024-12-01,TATEN,in_progress,0,0,,,,,,,0.0,,2026-05-23T21:18:06.663746Z
2024-12-01,TATGD,in_progress,0,0,,,,,,,0.0,,2026-05-23T21:18:06.668060Z
2024-12-01,TAVHL,in_progress,0,0,,,,,,,0.0,,2026-05-23T21:18:06.672865Z
2024-12-01,TBORG,in_progress,0,0,,,,,,,0.0,,2026-05-23T21:18:06.677412Z
2024-12-01,TCELL,in_progress,0,0,,,,,,,0.0,,2026-05-23T21:18:06.682174Z
2024-12-01,TCKRC,in_progress,0,0,,,,,,,0.0,,2026-05-23T21:18:06.687047Z
2024-12-01,TDGYO,in_progress,0,0,,,,,,,0.0,,2026-05-23T21:18:06.691452Z
2024-12-01,TEHOL,in_progress,0,0,,,,,,,0.0,,2026-05-23T21:18:06.696466Z
2024-12-01,TEKTU,in_progress,0,0,,,,,,,0.0,,2026-05-23T21:18:06.701373Z
2024-12-01,TERA,in_progress,0,0,,,,,,,0.0,,2026-05-23T21:18:06.706357Z
2024-12-01,TEZOL,in_progress,0,0,,,,,,,0.0,,2026-05-23T21:18:06.710975Z
2024-12-01,TGSAS,in_progress,0,0,,,,,,,0.0,,2026-05-23T21:18:06.715796Z
2024-12-01,THYAO,in_progress,0,0,,,,,,,0.0,,2026-05-23T21:18:06.720342Z
2024-12-01,TKFEN,in_progress,0,0,,,,,,,0.0,,2026-05-23T21:18:06.724929Z
2024-12-01,TKNSA,in_progress,0,0,,,,,,,0.0,,2026-05-23T21:18:06.729539Z
2024-12-01,TLMAN,in_progress,0,0,,,,,,,0.0,,2026-05-23T21:18:06.733852Z
2024-12-01,TMPOL,in_progress,0,0,,,,,,,0.0,,2026-05-23T21:18:06.738716Z
2024-12-01,TMSN,in_progress,0,0,,,,,,,0.0,,2026-05-23T21:18:06.743393Z
2024-12-01,TNZTP,in_progress,0,0,,,,,,,0.0,,2026-05-23T21:18:06.748320Z
2024-12-01,TOASO,in_progress,0,0,,,,,,,0.0,,2026-05-23T21:18:06.753488Z
2024-12-01,TRALT,in_progress,0,0,,,,,,,0.0,,2026-05-23T21:18:06.757956Z
2024-12-01,TRCAS,in_progress,0,0,,,,,,,0.0,,2026-05-23T21:18:06.763649Z
2024-12-01,TRENJ,in_progress,0,0,,,,,,,0.0,,2026-05-23T21:18:06.768678Z
2024-12-01,TRGYO,in_progress,0,0,,,,,,,0.0,,2026-05-23T21:18:06.774358Z
2024-12-01,TRHOL,in_progress,0,0,,,,,,,0.0,,2026-05-23T21:18:06.779056Z
2024-12-01,TRILC,in_progress,0,0,,,,,,,0.0,,2026-05-23T21:18:06.783977Z
2024-12-01,TRMET,in_progress,0,0,,,,,,,0.0,,2026-05-23T21:18:06.788546Z
2024-12-01,TSGYO,in_progress,0,0,,,,,,,0.0,,2026-05-23T21:18:06.793213Z
2024-12-01,TSKB,in_progress,0,0,,,,,,,0.0,,2026-05-23T21:18:06.798173Z
2024-12-01,TSPOR,in_progress,0,0,,,,,,,0.0,,2026-05-23T21:18:06.802850Z
2024-12-01,TTKOM,in_progress,0,0,,,,,,,0.0,,2026-05-23T21:18:06.807864Z
2024-12-01,TTRAK,in_progress,0,0,,,,,,,0.0,,2026-05-23T21:18:06.813200Z
2024-12-01,TUCLK,in_progress,0,0,,,,,,,0.0,,2026-05-23T21:18:06.818124Z
2024-12-01,TUKAS,in_progress,0,0,,,,,,,0.0,,2026-05-23T21:18:06.822937Z
2024-12-01,TUPRS,in_progress,0,0,,,,,,,0.0,,2026-05-23T21:18:06.827684Z
2024-12-01,TUREX,in_progress,0,0,,,,,,,0.0,,2026-05-23T21:18:06.832636Z
2024-12-01,TURGG,in_progress,0,0,,,,,,,0.0,,2026-05-23T21:18:06.837256Z
2024-12-01,TURSG,in_progress,0,0,,,,,,,0.0,,2026-05-23T21:18:06.842089Z
2024-12-01,UCAYM,in_progress,0,0,,,,,,,0.0,,2026-05-23T21:18:06.848810Z
2024-12-01,UFUK,in_progress,0,0,,,,,,,0.0,,2026-05-23T21:18:06.853642Z
2024-12-01,ULAS,in_progress,0,0,,,,,,,0.0,,2026-05-23T21:18:06.858142Z
2024-12-01,ULKER,in_progress,0,0,,,,,,,0.0,,2026-05-23T21:18:06.862861Z
2024-12-01,ULUFA,in_progress,0,0,,,,,,,0.0,,2026-05-23T21:18:06.868095Z
2024-12-01,ULUSE,in_progress,0,0,,,,,,,0.0,,2026-05-23T21:18:06.872796Z
2024-12-01,ULUUN,in_progress,0,0,,,,,,,0.0,,2026-05-23T21:18:06.877568Z
2024-12-01,UNLU,in_progress,0,0,,,,,,,0.0,,2026-05-23T21:18:06.882079Z
2024-12-01,USAK,in_progress,0,0,,,,,,,0.0,,2026-05-23T21:18:06.887022Z
2024-12-01,VAKBN,in_progress,0,0,,,,,,,0.0,,2026-05-23T21:18:06.891632Z
2024-12-01,VAKFA,in_progress,0,0,,,,,,,0.0,,2026-05-23T21:18:06.896414Z
2024-12-01,VAKFN,in_progress,0,0,,,,,,,0.0,,2026-05-23T21:18:06.901442Z
2024-12-01,VAKKO,in_progress,0,0,,,,,,,0.0,,2026-05-23T21:18:06.906081Z
2024-12-01,VANGD,in_progress,0,0,,,,,,,0.0,,2026-05-23T21:18:06.910905Z
2024-12-01,VBTYZ,in_progress,0,0,,,,,,,0.0,,2026-05-23T21:18:06.915677Z
2024-12-01,VERTU,in_progress,0,0,,,,,,,0.0,,2026-05-23T21:18:06.920869Z
2024-12-01,VERUS,in_progress,0,0,,,,,,,0.0,,2026-05-23T21:18:06.926447Z
2024-12-01,VESBE,in_progress,0,0,,,,,,,0.0,,2026-05-23T21:18:06.931154Z
2024-12-01,VESTL,in_progress,0,0,,,,,,,0.0,,2026-05-23T21:18:06.936361Z
2024-12-01,VKGYO,in_progress,0,0,,,,,,,0.0,,2026-05-23T21:18:06.941125Z
2024-12-01,VKING,in_progress,0,0,,,,,,,0.0,,2026-05-23T21:18:06.946063Z
2024-12-01,VRGYO,in_progress,0,0,,,,,,,0.0,,2026-05-23T21:18:06.950659Z
2024-12-01,VSNMD,in_progress,0,0,,,,,,,0.0,,2026-05-23T21:18:06.956942Z
2024-12-01,YAPRK,in_progress,0,0,,,,,,,0.0,,2026-05-23T21:18:06.961529Z
2024-12-01,YATAS,in_progress,0,0,,,,,,,0.0,,2026-05-23T21:18:06.966181Z
2024-12-01,YAYLA,in_progress,0,0,,,,,,,0.0,,2026-05-23T21:18:06.970928Z
2024-12-01,YEOTK,in_progress,0,0,,,,,,,0.0,,2026-05-23T21:18:06.976800Z
2024-12-01,YESIL,in_progress,0,0,,,,,,,0.0,,2026-05-23T21:18:06.984470Z
2024-12-01,YGGYO,in_progress,0,0,,,,,,,0.0,,2026-05-23T21:18:06.992090Z
2024-12-01,YIGIT,in_progress,0,0,,,,,,,0.0,,2026-05-23T21:18:06.998999Z
2024-12-01,YKBNK,in_progress,0,0,,,,,,,0.0,,2026-05-23T21:18:07.007809Z
2024-12-01,YKSLN,in_progress,0,0,,,,,,,0.0,,2026-05-23T21:18:07.015644Z
2024-12-01,YUNSA,in_progress,0,0,,,,,,,0.0,,2026-05-23T21:18:07.025053Z
2024-12-01,YYLGD,in_progress,0,0,,,,,,,0.0,,2026-05-23T21:18:07.032140Z
2024-12-01,ZEDUR,in_progress,0,0,,,,,,,0.0,,2026-05-23T21:18:07.040494Z
2024-12-01,ZERGY,in_progress,0,0,,,,,,,0.0,,2026-05-23T21:18:07.047790Z
2024-12-01,ZGYO,in_progress,0,0,,,,,,,0.0,,2026-05-23T21:18:07.055981Z
2024-12-01,ZOREN,in_progress,0,0,,,,,,,0.0,,2026-05-23T21:18:07.062770Z
2024-12-01,ZRGYO,in_progress,0,0,,,,,,,0.0,,2026-05-23T21:18:07.069258Z
